zeit,durchlauf,seed,score,zuege_pro_s,run_id,config
17:58:03,1,11,65.65,10879.3,dqn-20260724-174802,"{""perception"": ""rich_grid7""}"
18:08:05,1,11,64.3,10991.6,dqn-20260724-175804,"{""perception"": ""rich_grid7"", ""reward_step"": 0.0}"
18:18:07,1,11,66.45,9260.7,dqn-20260724-180806,"{""perception"": ""rich_grid7"", ""prioritized"": true}"
18:28:09,1,11,66.0,10843.1,dqn-20260724-181808,"{""perception"": ""rich_grid7"", ""reward_death"": -20.0}"
18:38:10,1,11,67.3,12805.0,dqn-20260724-182810,"{""perception"": ""rich""}"
18:48:12,1,11,66.55,11618.1,dqn-20260724-183811,"{""perception"": ""rich_grid5""}"
18:58:14,1,11,67.75,9968.8,dqn-20260724-184813,"{""perception"": ""rich_grid9""}"
19:08:17,1,11,65.2,6090.9,dqn-20260724-185815,"{""perception"": ""rich_grid9"", ""num_games"": 8}"
19:18:19,1,11,65.2,12554.8,dqn-20260724-190817,"{""perception"": ""rich_grid9"", ""num_games"": 24}"
19:28:21,1,11,65.35,14335.5,dqn-20260724-191820,"{""perception"": ""rich_grid9"", ""train_every"": 2}"
19:38:23,1,11,65.15,9872.9,dqn-20260724-192822,"{""perception"": ""rich_grid9"", ""learning_rate"": 0.0005}"
19:48:25,1,11,64.4,9939.7,dqn-20260724-193824,"{""perception"": ""rich_grid9"", ""learning_rate"": 0.002}"
19:58:27,1,11,66.3,9881.9,dqn-20260724-194826,"{""perception"": ""rich_grid9"", ""pfad_fokus_bonus"": 0.02}"
20:08:28,1,11,68.55,10028.8,dqn-20260724-195828,"{""perception"": ""rich_grid9"", ""pfad_fokus_bonus"": 0.1}"
20:18:30,1,11,64.8,9960.9,dqn-20260724-200829,"{""perception"": ""rich_grid9"", ""gamma"": 0.95}"
20:28:32,1,11,68.15,10007.7,dqn-20260724-201831,"{""perception"": ""rich_grid9"", ""gamma"": 0.99}"
20:38:35,1,11,70.15,10515.0,dqn-20260724-202833,"{""perception"": ""rich_grid9"", ""spiegel_lernen"": false}"
20:48:36,1,11,55.25,10600.0,dqn-20260724-203835,"{""perception"": ""rich_grid9"", ""spiegel_lernen"": false, ""fruit_count"": 1}"
20:58:38,1,11,76.4,10479.8,dqn-20260724-204837,"{""perception"": ""rich_grid9"", ""spiegel_lernen"": false, ""fruit_count"": 5}"
21:08:40,1,11,106.9,10108.9,dqn-20260724-205839,"{""perception"": ""rich_grid9"", ""spiegel_lernen"": false, ""fruit_count"": 10}"
21:18:42,1,11,111.4,10010.3,dqn-20260724-210841,"{""perception"": ""rich_grid9"", ""spiegel_lernen"": false, ""fruit_count"": 10, ""target_update"": 500}"
21:28:47,1,11,113.15,10075.0,dqn-20260724-211846,"{""perception"": ""rich_grid9"", ""spiegel_lernen"": false, ""fruit_count"": 10, ""target_update"": 2000}"
21:38:49,1,11,109.2,10100.5,dqn-20260724-212848,"{""perception"": ""rich_grid9"", ""spiegel_lernen"": false, ""fruit_count"": 10, ""target_update"": 2000, ""pfad_fokus"": 0.25}"
21:48:51,1,11,104.7,10094.6,dqn-20260724-213850,"{""perception"": ""rich_grid9"", ""spiegel_lernen"": false, ""fruit_count"": 10, ""target_update"": 2000, ""pfad_fokus"": 0.5}"
21:58:52,1,11,105.35,9951.0,dqn-20260724-214852,"{""perception"": ""rich_grid9"", ""spiegel_lernen"": false, ""fruit_count"": 10, ""target_update"": 2000, ""pfad_fokus"": 0.7}"
22:08:54,1,11,104.5,10475.8,dqn-20260724-215853,"{""perception"": ""rich_grid9"", ""spiegel_lernen"": false, ""fruit_count"": 10, ""target_update"": 2000, ""pfad_fokus"": 1.0}"
22:18:56,1,11,110.25,10334.9,dqn-20260724-220855,"{""perception"": ""rich_grid9"", ""spiegel_lernen"": false, ""fruit_count"": 10, ""target_update"": 2000, ""eps_decay_steps"": 40000}"
22:28:58,1,11,90.95,9854.0,dqn-20260724-221857,"{""perception"": ""rich_grid9"", ""spiegel_lernen"": false, ""fruit_count"": 10, ""target_update"": 2000, ""eps_decay_steps"": 150000}"
22:38:59,1,11,87.95,10327.7,dqn-20260724-222859,"{""perception"": ""rich_grid9"", ""spiegel_lernen"": false, ""fruit_count"": 10, ""target_update"": 2000, ""curriculum_anteil"": 0.0}"
22:49:01,1,11,105.7,9938.3,dqn-20260724-223900,"{""perception"": ""rich_grid9"", ""spiegel_lernen"": false, ""fruit_count"": 10, ""target_update"": 2000, ""curriculum_anteil"": 0.5}"
22:59:03,1,11,120.65,9161.9,dqn-20260724-224902,"{""perception"": ""rich_grid9"", ""spiegel_lernen"": false, ""fruit_count"": 10, ""target_update"": 2000, ""curriculum_anteil"": 1.0}"
23:09:04,1,11,108.95,9153.3,dqn-20260724-225904,"{""perception"": ""rich_grid9"", ""spiegel_lernen"": false, ""fruit_count"": 10, ""target_update"": 2000, ""curriculum_anteil"": 1.0, ""balance_anteil"": 0.0}"
23:19:06,1,11,118.6,9203.3,dqn-20260724-230905,"{""perception"": ""rich_grid9"", ""spiegel_lernen"": false, ""fruit_count"": 10, ""target_update"": 2000, ""curriculum_anteil"": 1.0, ""balance_anteil"": 0.5}"
23:29:08,1,11,116.8,11135.7,dqn-20260724-231907,"{""perception"": ""rich_grid9"", ""spiegel_lernen"": false, ""fruit_count"": 10, ""target_update"": 2000, ""curriculum_anteil"": 1.0, ""batch_size"": 128}"
23:39:10,1,11,120.85,7550.6,dqn-20260724-232909,"{""perception"": ""rich_grid9"", ""spiegel_lernen"": false, ""fruit_count"": 10, ""target_update"": 2000, ""curriculum_anteil"": 1.0, ""batch_size"": 512}"
23:49:11,1,11,115.9,9123.9,dqn-20260724-233911,"{""perception"": ""rich_grid9"", ""spiegel_lernen"": false, ""fruit_count"": 10, ""target_update"": 2000, ""curriculum_anteil"": 1.0, ""eps_end"": 0.05}"
23:59:13,1,11,118.55,9093.7,dqn-20260724-234912,"{""perception"": ""rich_grid9"", ""spiegel_lernen"": false, ""fruit_count"": 10, ""target_update"": 2000, ""curriculum_anteil"": 1.0, ""n_step"": 1}"
00:09:15,1,11,123.1,9504.7,dqn-20260724-235914,"{""perception"": ""rich_grid9"", ""spiegel_lernen"": false, ""fruit_count"": 10, ""target_update"": 2000, ""curriculum_anteil"": 1.0, ""n_step"": 5}"
00:19:18,1,11,100.65,8135.9,dqn-20260725-000916,"{""perception"": ""rich_grid9"", ""spiegel_lernen"": false, ""fruit_count"": 10, ""target_update"": 2000, ""curriculum_anteil"": 1.0, ""n_step"": 5, ""activation"": ""tanh""}"
00:29:20,1,11,117.95,11373.1,dqn-20260725-001919,"{""perception"": ""rich_grid9"", ""spiegel_lernen"": false, ""fruit_count"": 10, ""target_update"": 2000, ""curriculum_anteil"": 1.0, ""n_step"": 5, ""hidden"": [128, 128]}"
00:39:21,1,11,121.3,8151.7,dqn-20260725-002920,"{""perception"": ""rich_grid9"", ""spiegel_lernen"": false, ""fruit_count"": 10, ""target_update"": 2000, ""curriculum_anteil"": 1.0, ""n_step"": 5, ""hidden"": [256, 256]}"
00:49:24,1,11,122.65,6699.3,dqn-20260725-003922,"{""perception"": ""rich_grid9"", ""spiegel_lernen"": false, ""fruit_count"": 10, ""target_update"": 2000, ""curriculum_anteil"": 1.0, ""n_step"": 5, ""hidden"": [512, 256]}"
00:59:26,2,23,120.4,9532.0,dqn-20260725-004925,"{""perception"": ""rich_grid9"", ""spiegel_lernen"": false, ""fruit_count"": 10, ""target_update"": 2000, ""curriculum_anteil"": 1.0, ""n_step"": 5}"
01:09:28,2,23,122.85,9642.1,dqn-20260725-005927,"{""perception"": ""rich_grid9"", ""spiegel_lernen"": false, ""fruit_count"": 10, ""target_update"": 500, ""curriculum_anteil"": 1.0, ""n_step"": 5}"
01:19:30,2,23,122.7,9698.1,dqn-20260725-010929,"{""perception"": ""rich_grid9"", ""spiegel_lernen"": false, ""fruit_count"": 10, ""target_update"": 1000, ""curriculum_anteil"": 1.0, ""n_step"": 5}"
01:29:32,2,23,116.45,9707.1,dqn-20260725-011930,"{""perception"": ""rich_grid9"", ""spiegel_lernen"": false, ""fruit_count"": 10, ""target_update"": 500, ""curriculum_anteil"": 1.0, ""n_step"": 5, ""reward_step"": 0.0}"
01:39:34,2,23,122.95,9749.8,dqn-20260725-012932,"{""perception"": ""rich_grid9"", ""spiegel_lernen"": false, ""fruit_count"": 10, ""target_update"": 500, ""curriculum_anteil"": 1.0, ""n_step"": 5, ""eps_decay_steps"": 40000}"
01:49:36,2,23,107.7,8602.3,dqn-20260725-013935,"{""perception"": ""rich_grid9"", ""spiegel_lernen"": false, ""fruit_count"": 10, ""target_update"": 500, ""curriculum_anteil"": 1.0, ""n_step"": 5, ""eps_decay_steps"": 150000}"
01:59:38,2,23,118.95,9455.0,dqn-20260725-014937,"{""perception"": ""rich_grid9"", ""spiegel_lernen"": false, ""fruit_count"": 10, ""target_update"": 500, ""curriculum_anteil"": 1.0, ""n_step"": 5, ""eps_end"": 0.05}"
02:09:40,2,23,115.05,9214.7,dqn-20260725-015939,"{""perception"": ""rich_grid9"", ""spiegel_lernen"": false, ""fruit_count"": 10, ""target_update"": 500, ""curriculum_anteil"": 1.0, ""n_step"": 5, ""pfad_fokus_bonus"": 0.02}"
02:19:42,2,23,121.75,9537.7,dqn-20260725-020941,"{""perception"": ""rich_grid9"", ""spiegel_lernen"": false, ""fruit_count"": 10, ""target_update"": 500, ""curriculum_anteil"": 1.0, ""n_step"": 5, ""pfad_fokus_bonus"": 0.1}"
02:29:43,2,23,116.85,10256.6,dqn-20260725-021942,"{""perception"": ""rich_grid9"", ""spiegel_lernen"": false, ""fruit_count"": 10, ""target_update"": 500, ""curriculum_anteil"": 0.0, ""n_step"": 5}"
02:39:45,2,23,112.05,10256.1,dqn-20260725-022944,"{""perception"": ""rich_grid9"", ""spiegel_lernen"": false, ""fruit_count"": 10, ""target_update"": 500, ""curriculum_anteil"": 0.25, ""n_step"": 5}"
02:49:46,2,23,117.55,10098.3,dqn-20260725-023946,"{""perception"": ""rich_grid9"", ""spiegel_lernen"": false, ""fruit_count"": 10, ""target_update"": 500, ""curriculum_anteil"": 0.5, ""n_step"": 5}"
02:59:48,2,23,99.2,9034.6,dqn-20260725-024947,"{""perception"": ""rich_grid9"", ""spiegel_lernen"": true, ""fruit_count"": 10, ""target_update"": 500, ""curriculum_anteil"": 1.0, ""n_step"": 5}"
03:09:50,2,23,57.2,9800.9,dqn-20260725-025949,"{""perception"": ""rich_grid9"", ""spiegel_lernen"": false, ""fruit_count"": 1, ""target_update"": 500, ""curriculum_anteil"": 1.0, ""n_step"": 5}"
03:19:51,2,23,75.8,9951.6,dqn-20260725-030951,"{""perception"": ""rich_grid9"", ""spiegel_lernen"": false, ""fruit_count"": 3, ""target_update"": 500, ""curriculum_anteil"": 1.0, ""n_step"": 5}"
03:29:53,2,23,106.0,9944.8,dqn-20260725-031952,"{""perception"": ""rich_grid9"", ""spiegel_lernen"": false, ""fruit_count"": 5, ""target_update"": 500, ""curriculum_anteil"": 1.0, ""n_step"": 5}"
03:39:56,2,23,100.1,8331.8,dqn-20260725-032954,"{""perception"": ""rich_grid9"", ""spiegel_lernen"": false, ""fruit_count"": 10, ""target_update"": 500, ""curriculum_anteil"": 1.0, ""n_step"": 5, ""activation"": ""tanh""}"
03:49:58,2,23,113.25,7920.1,dqn-20260725-033956,"{""perception"": ""rich_grid9"", ""spiegel_lernen"": false, ""fruit_count"": 10, ""target_update"": 500, ""curriculum_anteil"": 1.0, ""n_step"": 5, ""prioritized"": true}"
03:59:59,2,23,123.9,9551.9,dqn-20260725-034958,"{""perception"": ""rich_grid9"", ""spiegel_lernen"": false, ""fruit_count"": 10, ""target_update"": 500, ""curriculum_anteil"": 1.0, ""n_step"": 5, ""learning_rate"": 0.0005}"
04:10:01,2,23,117.9,9741.5,dqn-20260725-040000,"{""perception"": ""rich_grid9"", ""spiegel_lernen"": false, ""fruit_count"": 10, ""target_update"": 500, ""curriculum_anteil"": 1.0, ""n_step"": 5, ""learning_rate"": 0.002}"
04:20:03,2,23,125.25,9718.8,dqn-20260725-041002,"{""perception"": ""rich_grid9"", ""spiegel_lernen"": false, ""fruit_count"": 10, ""target_update"": 500, ""curriculum_anteil"": 1.0, ""n_step"": 5, ""pfad_fokus"": 0.25}"
04:30:06,2,23,125.8,9596.3,dqn-20260725-042004,"{""perception"": ""rich_grid9"", ""spiegel_lernen"": false, ""fruit_count"": 10, ""target_update"": 500, ""curriculum_anteil"": 1.0, ""n_step"": 5, ""pfad_fokus"": 0.5}"
04:40:08,2,23,132.35,9438.9,dqn-20260725-043006,"{""perception"": ""rich_grid9"", ""spiegel_lernen"": false, ""fruit_count"": 10, ""target_update"": 500, ""curriculum_anteil"": 1.0, ""n_step"": 5, ""pfad_fokus"": 0.7}"
04:50:10,2,23,48.75,9918.7,dqn-20260725-044008,"{""perception"": ""rich_grid9"", ""spiegel_lernen"": false, ""fruit_count"": 10, ""target_update"": 500, ""curriculum_anteil"": 1.0, ""n_step"": 5, ""pfad_fokus"": 1.0}"
05:00:11,2,23,128.5,10811.9,dqn-20260725-045010,"{""perception"": ""rich_grid9"", ""spiegel_lernen"": false, ""fruit_count"": 10, ""target_update"": 500, ""curriculum_anteil"": 1.0, ""n_step"": 5, ""pfad_fokus"": 0.7, ""batch_size"": 128}"
05:10:14,2,23,124.05,7865.0,dqn-20260725-050012,"{""perception"": ""rich_grid9"", ""spiegel_lernen"": false, ""fruit_count"": 10, ""target_update"": 500, ""curriculum_anteil"": 1.0, ""n_step"": 5, ""pfad_fokus"": 0.7, ""batch_size"": 512}"
05:20:16,2,23,124.15,9156.1,dqn-20260725-051014,"{""perception"": ""rich_grid9"", ""spiegel_lernen"": false, ""fruit_count"": 10, ""target_update"": 500, ""curriculum_anteil"": 1.0, ""n_step"": 5, ""pfad_fokus"": 0.7, ""balance_anteil"": 0.0}"
05:30:18,2,23,128.0,9399.1,dqn-20260725-052017,"{""perception"": ""rich_grid9"", ""spiegel_lernen"": false, ""fruit_count"": 10, ""target_update"": 500, ""curriculum_anteil"": 1.0, ""n_step"": 5, ""pfad_fokus"": 0.7, ""balance_anteil"": 0.5}"
05:40:20,2,23,134.05,10694.9,dqn-20260725-053019,"{""perception"": ""rich_grid9"", ""spiegel_lernen"": false, ""fruit_count"": 10, ""target_update"": 500, ""curriculum_anteil"": 1.0, ""n_step"": 5, ""pfad_fokus"": 0.7, ""hidden"": [128, 128]}"
05:50:21,2,23,131.45,8311.5,dqn-20260725-054021,"{""perception"": ""rich_grid9"", ""spiegel_lernen"": false, ""fruit_count"": 10, ""target_update"": 500, ""curriculum_anteil"": 1.0, ""n_step"": 5, ""pfad_fokus"": 0.7, ""hidden"": [256, 256]}"
06:00:23,2,23,134.6,6657.8,dqn-20260725-055022,"{""perception"": ""rich_grid9"", ""spiegel_lernen"": false, ""fruit_count"": 10, ""target_update"": 500, ""curriculum_anteil"": 1.0, ""n_step"": 5, ""pfad_fokus"": 0.7, ""hidden"": [512, 256]}"
06:10:25,2,23,124.9,12239.2,dqn-20260725-060024,"{""perception"": ""rich_grid9"", ""spiegel_lernen"": false, ""fruit_count"": 10, ""target_update"": 500, ""curriculum_anteil"": 1.0, ""n_step"": 5, ""pfad_fokus"": 0.7, ""train_every"": 2}"
06:20:27,2,23,130.2,6223.5,dqn-20260725-061026,"{""perception"": ""rich_grid9"", ""spiegel_lernen"": false, ""fruit_count"": 10, ""target_update"": 500, ""curriculum_anteil"": 1.0, ""n_step"": 5, ""pfad_fokus"": 0.7, ""num_games"": 8}"
06:30:29,2,23,126.75,9545.1,dqn-20260725-062028,"{""perception"": ""rich_grid9"", ""spiegel_lernen"": false, ""fruit_count"": 10, ""target_update"": 500, ""curriculum_anteil"": 1.0, ""n_step"": 5, ""pfad_fokus"": 0.7, ""num_games"": 24}"
06:40:31,2,23,113.35,12137.4,dqn-20260725-063030,"{""perception"": ""rich"", ""spiegel_lernen"": false, ""fruit_count"": 10, ""target_update"": 500, ""curriculum_anteil"": 1.0, ""n_step"": 5, ""pfad_fokus"": 0.7}"
06:50:32,2,23,118.35,10523.4,dqn-20260725-064032,"{""perception"": ""rich_grid5"", ""spiegel_lernen"": false, ""fruit_count"": 10, ""target_update"": 500, ""curriculum_anteil"": 1.0, ""n_step"": 5, ""pfad_fokus"": 0.7}"
07:00:34,2,23,117.4,9505.8,dqn-20260725-065033,"{""perception"": ""rich_grid7"", ""spiegel_lernen"": false, ""fruit_count"": 10, ""target_update"": 500, ""curriculum_anteil"": 1.0, ""n_step"": 5, ""pfad_fokus"": 0.7}"
07:10:36,2,23,123.9,9685.9,dqn-20260725-070035,"{""perception"": ""rich_grid9"", ""spiegel_lernen"": false, ""fruit_count"": 10, ""target_update"": 500, ""curriculum_anteil"": 1.0, ""n_step"": 5, ""pfad_fokus"": 0.7, ""reward_death"": -20.0}"
07:20:38,2,23,109.95,8844.9,dqn-20260725-071037,"{""perception"": ""rich_grid9"", ""spiegel_lernen"": false, ""fruit_count"": 10, ""target_update"": 500, ""curriculum_anteil"": 1.0, ""n_step"": 1, ""pfad_fokus"": 0.7}"
07:30:40,2,23,124.1,8105.4,dqn-20260725-072038,"{""perception"": ""rich_grid9"", ""spiegel_lernen"": false, ""fruit_count"": 10, ""target_update"": 500, ""curriculum_anteil"": 1.0, ""n_step"": 3, ""pfad_fokus"": 0.7}"
07:40:42,2,23,111.3,9601.5,dqn-20260725-073041,"{""perception"": ""rich_grid9"", ""spiegel_lernen"": false, ""fruit_count"": 10, ""target_update"": 500, ""curriculum_anteil"": 1.0, ""n_step"": 5, ""pfad_fokus"": 0.7, ""gamma"": 0.95}"
07:50:44,2,23,136.65,8602.8,dqn-20260725-074043,"{""perception"": ""rich_grid9"", ""spiegel_lernen"": false, ""fruit_count"": 10, ""target_update"": 500, ""curriculum_anteil"": 1.0, ""n_step"": 5, ""pfad_fokus"": 0.7, ""gamma"": 0.99}"
08:00:46,3,37,146.2,9261.1,dqn-20260725-075044,"{""perception"": ""rich_grid9"", ""spiegel_lernen"": false, ""fruit_count"": 10, ""target_update"": 500, ""curriculum_anteil"": 1.0, ""n_step"": 5, ""pfad_fokus"": 0.7, ""gamma"": 0.99}"
08:10:48,3,37,114.05,8683.4,dqn-20260725-080047,"{""perception"": ""rich_grid9"", ""spiegel_lernen"": false, ""fruit_count"": 10, ""target_update"": 500, ""curriculum_anteil"": 1.0, ""n_step"": 1, ""pfad_fokus"": 0.7, ""gamma"": 0.99}"
08:20:49,3,37,134.2,7898.3,dqn-20260725-081048,"{""perception"": ""rich_grid9"", ""spiegel_lernen"": false, ""fruit_count"": 10, ""target_update"": 500, ""curriculum_anteil"": 1.0, ""n_step"": 3, ""pfad_fokus"": 0.7, ""gamma"": 0.99}"
08:30:51,3,37,145.5,9484.9,dqn-20260725-082050,"{""perception"": ""rich_grid9"", ""spiegel_lernen"": false, ""fruit_count"": 10, ""target_update"": 500, ""curriculum_anteil"": 1.0, ""n_step"": 5, ""pfad_fokus"": 0.7, ""gamma"": 0.99, ""pfad_fokus_bonus"": 0.02}"
08:40:53,3,37,143.5,9614.9,dqn-20260725-083052,"{""perception"": ""rich_grid9"", ""spiegel_lernen"": false, ""fruit_count"": 10, ""target_update"": 500, ""curriculum_anteil"": 1.0, ""n_step"": 5, ""pfad_fokus"": 0.7, ""gamma"": 0.99, ""pfad_fokus_bonus"": 0.1}"
08:50:55,3,37,75.35,10244.9,dqn-20260725-084054,"{""perception"": ""rich_grid9"", ""spiegel_lernen"": false, ""fruit_count"": 1, ""target_update"": 500, ""curriculum_anteil"": 1.0, ""n_step"": 5, ""pfad_fokus"": 0.7, ""gamma"": 0.99}"
09:00:58,3,37,89.95,10398.5,dqn-20260725-085057,"{""perception"": ""rich_grid9"", ""spiegel_lernen"": false, ""fruit_count"": 3, ""target_update"": 500, ""curriculum_anteil"": 1.0, ""n_step"": 5, ""pfad_fokus"": 0.7, ""gamma"": 0.99}"
09:11:01,3,37,113.75,9953.7,dqn-20260725-090059,"{""perception"": ""rich_grid9"", ""spiegel_lernen"": false, ""fruit_count"": 5, ""target_update"": 500, ""curriculum_anteil"": 1.0, ""n_step"": 5, ""pfad_fokus"": 0.7, ""gamma"": 0.99}"
09:21:03,3,37,141.1,9490.2,dqn-20260725-091102,"{""perception"": ""rich_grid9"", ""spiegel_lernen"": false, ""fruit_count"": 10, ""target_update"": 500, ""curriculum_anteil"": 1.0, ""n_step"": 5, ""pfad_fokus"": 0.7, ""gamma"": 0.99, ""eps_end"": 0.05}"
09:31:05,3,37,111.45,8394.2,dqn-20260725-092104,"{""perception"": ""rich_grid9"", ""spiegel_lernen"": true, ""fruit_count"": 10, ""target_update"": 500, ""curriculum_anteil"": 1.0, ""n_step"": 5, ""pfad_fokus"": 0.7, ""gamma"": 0.99}"
09:41:07,3,37,136.5,5991.9,dqn-20260725-093106,"{""perception"": ""rich_grid9"", ""spiegel_lernen"": false, ""fruit_count"": 10, ""target_update"": 500, ""curriculum_anteil"": 1.0, ""n_step"": 5, ""pfad_fokus"": 0.7, ""gamma"": 0.99, ""num_games"": 8}"
09:51:10,3,37,136.9,10253.2,dqn-20260725-094108,"{""perception"": ""rich_grid9"", ""spiegel_lernen"": false, ""fruit_count"": 10, ""target_update"": 500, ""curriculum_anteil"": 1.0, ""n_step"": 5, ""pfad_fokus"": 0.7, ""gamma"": 0.99, ""num_games"": 24}"
10:01:11,3,37,136.05,9963.4,dqn-20260725-095110,"{""perception"": ""rich_grid9"", ""spiegel_lernen"": false, ""fruit_count"": 10, ""target_update"": 500, ""curriculum_anteil"": 0.0, ""n_step"": 5, ""pfad_fokus"": 0.7, ""gamma"": 0.99}"
10:11:14,3,37,136.35,10065.2,dqn-20260725-100112,"{""perception"": ""rich_grid9"", ""spiegel_lernen"": false, ""fruit_count"": 10, ""target_update"": 500, ""curriculum_anteil"": 0.25, ""n_step"": 5, ""pfad_fokus"": 0.7, ""gamma"": 0.99}"
10:21:15,3,37,128.7,9946.1,dqn-20260725-101114,"{""perception"": ""rich_grid9"", ""spiegel_lernen"": false, ""fruit_count"": 10, ""target_update"": 500, ""curriculum_anteil"": 0.5, ""n_step"": 5, ""pfad_fokus"": 0.7, ""gamma"": 0.99}"
10:31:17,3,37,131.55,11210.6,dqn-20260725-102116,"{""perception"": ""rich_grid9"", ""spiegel_lernen"": false, ""fruit_count"": 10, ""target_update"": 500, ""curriculum_anteil"": 1.0, ""n_step"": 5, ""pfad_fokus"": 0.7, ""gamma"": 0.99, ""batch_size"": 128}"
10:41:20,3,37,152.45,8010.0,dqn-20260725-103118,"{""perception"": ""rich_grid9"", ""spiegel_lernen"": false, ""fruit_count"": 10, ""target_update"": 500, ""curriculum_anteil"": 1.0, ""n_step"": 5, ""pfad_fokus"": 0.7, ""gamma"": 0.99, ""batch_size"": 512}"
10:51:22,3,37,135.25,7765.5,dqn-20260725-104121,"{""perception"": ""rich_grid9"", ""spiegel_lernen"": false, ""fruit_count"": 10, ""target_update"": 500, ""curriculum_anteil"": 1.0, ""n_step"": 5, ""pfad_fokus"": 0.7, ""gamma"": 0.99, ""batch_size"": 512, ""reward_death"": -20.0}"
11:01:23,3,37,126.7,7724.5,dqn-20260725-105122,"{""perception"": ""rich_grid9"", ""spiegel_lernen"": false, ""fruit_count"": 10, ""target_update"": 500, ""curriculum_anteil"": 1.0, ""n_step"": 5, ""pfad_fokus"": 0.7, ""gamma"": 0.99, ""batch_size"": 512, ""reward_step"": 0.0}"
11:11:25,3,37,128.6,7479.7,dqn-20260725-110124,"{""perception"": ""rich_grid9"", ""spiegel_lernen"": false, ""fruit_count"": 10, ""target_update"": 500, ""curriculum_anteil"": 1.0, ""n_step"": 5, ""pfad_fokus"": 0.7, ""gamma"": 0.99, ""batch_size"": 512, ""learning_rate"": 0.0005}"
11:21:27,3,37,129.4,8098.7,dqn-20260725-111126,"{""perception"": ""rich_grid9"", ""spiegel_lernen"": false, ""fruit_count"": 10, ""target_update"": 500, ""curriculum_anteil"": 1.0, ""n_step"": 5, ""pfad_fokus"": 0.7, ""gamma"": 0.99, ""batch_size"": 512, ""learning_rate"": 0.002}"
11:31:30,3,37,140.85,7954.9,dqn-20260725-112128,"{""perception"": ""rich_grid9"", ""spiegel_lernen"": false, ""fruit_count"": 10, ""target_update"": 500, ""curriculum_anteil"": 1.0, ""n_step"": 5, ""pfad_fokus"": 0.0, ""gamma"": 0.99, ""batch_size"": 512}"
11:41:32,3,37,138.6,7719.5,dqn-20260725-113130,"{""perception"": ""rich_grid9"", ""spiegel_lernen"": false, ""fruit_count"": 10, ""target_update"": 500, ""curriculum_anteil"": 1.0, ""n_step"": 5, ""pfad_fokus"": 0.25, ""gamma"": 0.99, ""batch_size"": 512}"
11:51:34,3,37,130.25,7878.5,dqn-20260725-114133,"{""perception"": ""rich_grid9"", ""spiegel_lernen"": false, ""fruit_count"": 10, ""target_update"": 500, ""curriculum_anteil"": 1.0, ""n_step"": 5, ""pfad_fokus"": 0.5, ""gamma"": 0.99, ""batch_size"": 512}"
12:01:36,3,37,76.6,8633.5,dqn-20260725-115135,"{""perception"": ""rich_grid9"", ""spiegel_lernen"": false, ""fruit_count"": 10, ""target_update"": 500, ""curriculum_anteil"": 1.0, ""n_step"": 5, ""pfad_fokus"": 1.0, ""gamma"": 0.99, ""batch_size"": 512}"
12:11:38,3,37,114.15,7940.1,dqn-20260725-120137,"{""perception"": ""rich_grid9"", ""spiegel_lernen"": false, ""fruit_count"": 10, ""target_update"": 500, ""curriculum_anteil"": 1.0, ""n_step"": 5, ""pfad_fokus"": 0.7, ""gamma"": 0.95, ""batch_size"": 512}"
12:21:41,3,37,128.3,7847.1,dqn-20260725-121139,"{""perception"": ""rich_grid9"", ""spiegel_lernen"": false, ""fruit_count"": 10, ""target_update"": 500, ""curriculum_anteil"": 1.0, ""n_step"": 5, ""pfad_fokus"": 0.7, ""gamma"": 0.97, ""batch_size"": 512}"
12:31:42,3,37,133.85,10639.0,dqn-20260725-122141,"{""perception"": ""rich_grid9"", ""spiegel_lernen"": false, ""fruit_count"": 10, ""target_update"": 500, ""curriculum_anteil"": 1.0, ""n_step"": 5, ""pfad_fokus"": 0.7, ""gamma"": 0.99, ""batch_size"": 512, ""train_every"": 2}"
12:41:45,3,37,138.7,7893.5,dqn-20260725-123143,"{""perception"": ""rich_grid9"", ""spiegel_lernen"": false, ""fruit_count"": 10, ""target_update"": 1000, ""curriculum_anteil"": 1.0, ""n_step"": 5, ""pfad_fokus"": 0.7, ""gamma"": 0.99, ""batch_size"": 512}"
12:51:46,3,37,135.65,7910.9,dqn-20260725-124145,"{""perception"": ""rich_grid9"", ""spiegel_lernen"": false, ""fruit_count"": 10, ""target_update"": 2000, ""curriculum_anteil"": 1.0, ""n_step"": 5, ""pfad_fokus"": 0.7, ""gamma"": 0.99, ""batch_size"": 512}"
13:01:48,3,37,139.3,8016.1,dqn-20260725-125147,"{""perception"": ""rich_grid9"", ""spiegel_lernen"": false, ""fruit_count"": 10, ""target_update"": 500, ""curriculum_anteil"": 1.0, ""n_step"": 5, ""pfad_fokus"": 0.7, ""gamma"": 0.99, ""batch_size"": 512, ""balance_anteil"": 0.0}"
13:11:50,3,37,143.4,7893.1,dqn-20260725-130149,"{""perception"": ""rich_grid9"", ""spiegel_lernen"": false, ""fruit_count"": 10, ""target_update"": 500, ""curriculum_anteil"": 1.0, ""n_step"": 5, ""pfad_fokus"": 0.7, ""gamma"": 0.99, ""batch_size"": 512, ""balance_anteil"": 0.5}"
13:21:52,3,37,121.05,10128.4,dqn-20260725-131151,"{""perception"": ""rich"", ""spiegel_lernen"": false, ""fruit_count"": 10, ""target_update"": 500, ""curriculum_anteil"": 1.0, ""n_step"": 5, ""pfad_fokus"": 0.7, ""gamma"": 0.99, ""batch_size"": 512}"
13:31:54,3,37,127.85,9337.5,dqn-20260725-132153,"{""perception"": ""rich_grid5"", ""spiegel_lernen"": false, ""fruit_count"": 10, ""target_update"": 500, ""curriculum_anteil"": 1.0, ""n_step"": 5, ""pfad_fokus"": 0.7, ""gamma"": 0.99, ""batch_size"": 512}"
13:41:56,3,37,128.5,8788.0,dqn-20260725-133155,"{""perception"": ""rich_grid7"", ""spiegel_lernen"": false, ""fruit_count"": 10, ""target_update"": 500, ""curriculum_anteil"": 1.0, ""n_step"": 5, ""pfad_fokus"": 0.7, ""gamma"": 0.99, ""batch_size"": 512}"
13:51:57,3,37,133.3,8664.5,dqn-20260725-134157,"{""perception"": ""rich_grid9"", ""spiegel_lernen"": false, ""fruit_count"": 10, ""target_update"": 500, ""curriculum_anteil"": 1.0, ""n_step"": 5, ""pfad_fokus"": 0.7, ""gamma"": 0.99, ""batch_size"": 512, ""hidden"": [128, 128]}"
14:01:59,3,37,144.3,7132.9,dqn-20260725-135158,"{""perception"": ""rich_grid9"", ""spiegel_lernen"": false, ""fruit_count"": 10, ""target_update"": 500, ""curriculum_anteil"": 1.0, ""n_step"": 5, ""pfad_fokus"": 0.7, ""gamma"": 0.99, ""batch_size"": 512, ""hidden"": [256, 256]}"
14:12:01,3,37,147.65,5712.3,dqn-20260725-140200,"{""perception"": ""rich_grid9"", ""spiegel_lernen"": false, ""fruit_count"": 10, ""target_update"": 500, ""curriculum_anteil"": 1.0, ""n_step"": 5, ""pfad_fokus"": 0.7, ""gamma"": 0.99, ""batch_size"": 512, ""hidden"": [512, 256]}"
14:22:04,3,37,140.95,6637.1,dqn-20260725-141202,"{""perception"": ""rich_grid9"", ""spiegel_lernen"": false, ""fruit_count"": 10, ""target_update"": 500, ""curriculum_anteil"": 1.0, ""n_step"": 5, ""pfad_fokus"": 0.7, ""gamma"": 0.99, ""batch_size"": 512, ""prioritized"": true}"
14:32:06,3,37,122.7,6205.4,dqn-20260725-142205,"{""perception"": ""rich_grid9"", ""spiegel_lernen"": false, ""fruit_count"": 10, ""target_update"": 500, ""curriculum_anteil"": 1.0, ""n_step"": 5, ""pfad_fokus"": 0.7, ""gamma"": 0.99, ""batch_size"": 512, ""activation"": ""tanh""}"
14:42:08,3,37,139.9,8438.9,dqn-20260725-143207,"{""perception"": ""rich_grid9"", ""spiegel_lernen"": false, ""fruit_count"": 10, ""target_update"": 500, ""curriculum_anteil"": 1.0, ""n_step"": 5, ""pfad_fokus"": 0.7, ""gamma"": 0.99, ""batch_size"": 512, ""eps_decay_steps"": 40000}"
14:52:10,3,37,136.9,6545.8,dqn-20260725-144209,"{""perception"": ""rich_grid9"", ""spiegel_lernen"": false, ""fruit_count"": 10, ""target_update"": 500, ""curriculum_anteil"": 1.0, ""n_step"": 5, ""pfad_fokus"": 0.7, ""gamma"": 0.99, ""batch_size"": 512, ""eps_decay_steps"": 150000}"
15:02:12,4,51,144.7,8148.9,dqn-20260725-145211,"{""perception"": ""rich_grid9"", ""spiegel_lernen"": false, ""fruit_count"": 10, ""target_update"": 500, ""curriculum_anteil"": 1.0, ""n_step"": 5, ""pfad_fokus"": 0.7, ""gamma"": 0.99, ""batch_size"": 512}"
15:12:14,4,51,146.65,7771.4,dqn-20260725-150213,"{""perception"": ""rich_grid9"", ""spiegel_lernen"": false, ""fruit_count"": 10, ""target_update"": 500, ""curriculum_anteil"": 1.0, ""n_step"": 5, ""pfad_fokus"": 0.0, ""gamma"": 0.99, ""batch_size"": 512}"
15:22:16,4,51,136.35,7978.0,dqn-20260725-151215,"{""perception"": ""rich_grid9"", ""spiegel_lernen"": false, ""fruit_count"": 10, ""target_update"": 500, ""curriculum_anteil"": 1.0, ""n_step"": 5, ""pfad_fokus"": 0.25, ""gamma"": 0.99, ""batch_size"": 512}"
15:32:18,4,51,137.7,7456.1,dqn-20260725-152217,"{""perception"": ""rich_grid9"", ""spiegel_lernen"": false, ""fruit_count"": 10, ""target_update"": 500, ""curriculum_anteil"": 1.0, ""n_step"": 5, ""pfad_fokus"": 0.5, ""gamma"": 0.99, ""batch_size"": 512}"
15:42:21,4,51,138.95,8474.4,dqn-20260725-153219,"{""perception"": ""rich_grid9"", ""spiegel_lernen"": false, ""fruit_count"": 10, ""target_update"": 500, ""curriculum_anteil"": 1.0, ""n_step"": 5, ""pfad_fokus"": 1.0, ""gamma"": 0.99, ""batch_size"": 512}"
15:52:23,4,51,142.0,7955.8,dqn-20260725-154221,"{""perception"": ""rich_grid9"", ""spiegel_lernen"": false, ""fruit_count"": 10, ""target_update"": 500, ""curriculum_anteil"": 1.0, ""n_step"": 5, ""pfad_fokus"": 0.7, ""gamma"": 0.99, ""batch_size"": 512, ""reward_step"": 0.0}"
16:02:25,4,51,138.45,7900.7,dqn-20260725-155224,"{""perception"": ""rich_grid9"", ""spiegel_lernen"": false, ""fruit_count"": 10, ""target_update"": 1000, ""curriculum_anteil"": 1.0, ""n_step"": 5, ""pfad_fokus"": 0.7, ""gamma"": 0.99, ""batch_size"": 512}"
16:12:28,4,51,139.95,7635.6,dqn-20260725-160226,"{""perception"": ""rich_grid9"", ""spiegel_lernen"": false, ""fruit_count"": 10, ""target_update"": 2000, ""curriculum_anteil"": 1.0, ""n_step"": 5, ""pfad_fokus"": 0.7, ""gamma"": 0.99, ""batch_size"": 512}"
16:22:31,4,51,130.85,4863.5,dqn-20260725-161229,"{""perception"": ""rich_grid9"", ""spiegel_lernen"": false, ""fruit_count"": 10, ""target_update"": 500, ""curriculum_anteil"": 1.0, ""n_step"": 5, ""pfad_fokus"": 0.7, ""gamma"": 0.99, ""batch_size"": 512, ""num_games"": 8}"
16:32:33,4,51,131.05,9024.1,dqn-20260725-162232,"{""perception"": ""rich_grid9"", ""spiegel_lernen"": false, ""fruit_count"": 10, ""target_update"": 500, ""curriculum_anteil"": 1.0, ""n_step"": 5, ""pfad_fokus"": 0.7, ""gamma"": 0.99, ""batch_size"": 512, ""num_games"": 24}"
16:42:35,4,51,123.55,7232.3,dqn-20260725-163234,"{""perception"": ""rich_grid9"", ""spiegel_lernen"": false, ""fruit_count"": 10, ""target_update"": 500, ""curriculum_anteil"": 1.0, ""n_step"": 1, ""pfad_fokus"": 0.7, ""gamma"": 0.99, ""batch_size"": 512}"
16:52:38,4,51,137.65,6917.9,dqn-20260725-164236,"{""perception"": ""rich_grid9"", ""spiegel_lernen"": false, ""fruit_count"": 10, ""target_update"": 500, ""curriculum_anteil"": 1.0, ""n_step"": 3, ""pfad_fokus"": 0.7, ""gamma"": 0.99, ""batch_size"": 512}"
17:02:39,4,51,124.5,10169.2,dqn-20260725-165239,"{""perception"": ""rich"", ""spiegel_lernen"": false, ""fruit_count"": 10, ""target_update"": 500, ""curriculum_anteil"": 1.0, ""n_step"": 5, ""pfad_fokus"": 0.7, ""gamma"": 0.99, ""batch_size"": 512}"
17:12:41,4,51,126.95,9433.7,dqn-20260725-170240,"{""perception"": ""rich_grid5"", ""spiegel_lernen"": false, ""fruit_count"": 10, ""target_update"": 500, ""curriculum_anteil"": 1.0, ""n_step"": 5, ""pfad_fokus"": 0.7, ""gamma"": 0.99, ""batch_size"": 512}"
17:22:43,4,51,133.4,8544.9,dqn-20260725-171241,"{""perception"": ""rich_grid7"", ""spiegel_lernen"": false, ""fruit_count"": 10, ""target_update"": 500, ""curriculum_anteil"": 1.0, ""n_step"": 5, ""pfad_fokus"": 0.7, ""gamma"": 0.99, ""batch_size"": 512}"
17:32:45,4,51,94.45,7002.8,dqn-20260725-172244,"{""perception"": ""rich_grid9"", ""spiegel_lernen"": false, ""fruit_count"": 10, ""target_update"": 500, ""curriculum_anteil"": 1.0, ""n_step"": 5, ""pfad_fokus"": 0.7, ""gamma"": 0.99, ""batch_size"": 512, ""reward_death"": -20.0}"
17:42:47,4,51,121.65,5837.7,dqn-20260725-173246,"{""perception"": ""rich_grid9"", ""spiegel_lernen"": false, ""fruit_count"": 10, ""target_update"": 500, ""curriculum_anteil"": 1.0, ""n_step"": 5, ""pfad_fokus"": 0.7, ""gamma"": 0.99, ""batch_size"": 512, ""activation"": ""tanh""}"
17:52:50,4,51,131.7,6235.7,dqn-20260725-174248,"{""perception"": ""rich_grid9"", ""spiegel_lernen"": false, ""fruit_count"": 10, ""target_update"": 500, ""curriculum_anteil"": 1.0, ""n_step"": 5, ""pfad_fokus"": 0.7, ""gamma"": 0.99, ""batch_size"": 512, ""prioritized"": true}"
18:02:52,4,51,105.65,6840.7,dqn-20260725-175251,"{""perception"": ""rich_grid9"", ""spiegel_lernen"": true, ""fruit_count"": 10, ""target_update"": 500, ""curriculum_anteil"": 1.0, ""n_step"": 5, ""pfad_fokus"": 0.7, ""gamma"": 0.99, ""batch_size"": 512}"
18:12:54,4,51,131.8,7872.1,dqn-20260725-180253,"{""perception"": ""rich_grid9"", ""spiegel_lernen"": false, ""fruit_count"": 10, ""target_update"": 500, ""curriculum_anteil"": 1.0, ""n_step"": 5, ""pfad_fokus"": 0.7, ""gamma"": 0.99, ""batch_size"": 512, ""eps_end"": 0.05}"
18:22:56,4,51,66.55,8221.1,dqn-20260725-181255,"{""perception"": ""rich_grid9"", ""spiegel_lernen"": false, ""fruit_count"": 1, ""target_update"": 500, ""curriculum_anteil"": 1.0, ""n_step"": 5, ""pfad_fokus"": 0.7, ""gamma"": 0.99, ""batch_size"": 512}"
18:32:59,4,51,88.1,8403.8,dqn-20260725-182258,"{""perception"": ""rich_grid9"", ""spiegel_lernen"": false, ""fruit_count"": 3, ""target_update"": 500, ""curriculum_anteil"": 1.0, ""n_step"": 5, ""pfad_fokus"": 0.7, ""gamma"": 0.99, ""batch_size"": 512}"
18:43:01,4,51,117.6,8385.7,dqn-20260725-183300,"{""perception"": ""rich_grid9"", ""spiegel_lernen"": false, ""fruit_count"": 5, ""target_update"": 500, ""curriculum_anteil"": 1.0, ""n_step"": 5, ""pfad_fokus"": 0.7, ""gamma"": 0.99, ""batch_size"": 512}"
18:53:03,4,51,133.0,7387.7,dqn-20260725-184302,"{""perception"": ""rich_grid9"", ""spiegel_lernen"": false, ""fruit_count"": 10, ""target_update"": 500, ""curriculum_anteil"": 1.0, ""n_step"": 5, ""pfad_fokus"": 0.7, ""gamma"": 0.99, ""batch_size"": 512, ""learning_rate"": 0.0005}"
19:03:05,4,51,141.9,8163.7,dqn-20260725-185304,"{""perception"": ""rich_grid9"", ""spiegel_lernen"": false, ""fruit_count"": 10, ""target_update"": 500, ""curriculum_anteil"": 1.0, ""n_step"": 5, ""pfad_fokus"": 0.7, ""gamma"": 0.99, ""batch_size"": 512, ""learning_rate"": 0.002}"
19:13:08,4,51,146.2,7745.6,dqn-20260725-190306,"{""perception"": ""rich_grid9"", ""spiegel_lernen"": false, ""fruit_count"": 10, ""target_update"": 500, ""curriculum_anteil"": 1.0, ""n_step"": 5, ""pfad_fokus"": 0.7, ""gamma"": 0.99, ""batch_size"": 512, ""pfad_fokus_bonus"": 0.02}"
19:23:10,4,51,134.15,8044.7,dqn-20260725-191309,"{""perception"": ""rich_grid9"", ""spiegel_lernen"": false, ""fruit_count"": 10, ""target_update"": 500, ""curriculum_anteil"": 1.0, ""n_step"": 5, ""pfad_fokus"": 0.7, ""gamma"": 0.99, ""batch_size"": 512, ""pfad_fokus_bonus"": 0.1}"
19:33:12,4,51,115.5,7573.7,dqn-20260725-192311,"{""perception"": ""rich_grid9"", ""spiegel_lernen"": false, ""fruit_count"": 10, ""target_update"": 500, ""curriculum_anteil"": 1.0, ""n_step"": 5, ""pfad_fokus"": 0.7, ""gamma"": 0.95, ""batch_size"": 512}"
